eventid,deploylen,taggingdate,deplon,deplat,recdate,reclon,reclat,reclen,reclen_type
100200100,89.0,2002-08-05,-116.82857,30.14595,,,,,
100200200,94.0,2002-08-05,-116.80137,30.2123,,,,,
100200300,100.0,2002-08-05,-116.82882,30.14632,2003-07-24,-116.42,28.68,115.00,SFL
100200400,97.0,2002-08-05,-116.82882,30.14632,2002-09-04,-117.37,30.66,95.00,SFL
100200500,98.0,2002-08-05,-116.82882,30.14632,,,,,
100200600,91.0,2002-08-05,-116.82882,30.14632,2005-07-31,137.81,37.76,156.00,SFL
100200700,112.0,2002-08-05,-116.82882,30.14632,2003-07-22,-116.53,28.58,,
100200800,94.0,2002-08-05,-116.82882,30.14632,2003-06-10,-114.2,25.75,114.00,SFL
100200900,91.0,2002-08-05,-116.82882,30.14632,2003-07-04,-115.43,25.78,106.00,SFL
100201000,92.5,2002-08-05,-116.82882,30.14632,2004-06-07,141.62,38.8,130.00,SFL
100201100,93.0,2002-08-05,-116.82882,30.14632,2003-07-23,-116.43,28.55,100.00,SFL
100201200,100.0,2002-08-05,-116.82882,30.14632,2005-07-11,-117.2,29.6,165.00,SFL
100201300,94.0,2002-08-05,-116.82882,30.14632,2003-07-23,-116.66,28.56,,
100201400,100.0,2002-08-05,-116.82882,30.14632,,,,,
100201500,94.0,2002-08-05,-116.82882,30.14632,2003-06-19,-114.63,25.82,114.00,SFL
100201600,103.0,2002-08-05,-116.82882,30.14632,,,,,
100201700,108.0,2002-08-05,-116.82882,30.14632,,,,,
100201800,97.0,2002-08-05,-116.82882,30.14632,2003-08-05,-116.1,29.28,132.00,SFL
100201900,94.0,2002-08-05,-116.82882,30.14632,,,,,
100202000,89.0,2002-08-05,-116.82882,30.14632,2004-07-16,-117.25,29.56,138.00,SFL
100202100,91.0,2002-08-05,-116.82882,30.14632,2003-07-18,-116.22,28.63,115.00,SFL
100202200,95.0,2002-08-05,-116.82882,30.14632,2003-07-23,-116.43,28.55,100.00,SFL
100202300,102.0,2002-08-05,-116.82882,30.14632,2006-07-10,135.51356,36.1135,,
100202400,99.0,2002-08-05,-116.82882,30.14632,2002-08-10,-117.18,30,96.00,SFL
100202500,97.0,2002-08-05,-116.82882,30.14632,,,,,
100202600,,2002-08-06,-116.77722,30.21835,,,,,
100202700,116.0,2002-08-06,-116.82857,30.14595,,,,,
100202800,95.0,2002-08-06,-116.82857,30.14595,,,,,
100202900,94.0,2002-08-06,-116.82857,30.14595,2003-07-25,-116.38,28.81,90.00,SFL
100203000,107.0,2002-08-06,-116.82857,30.14595,2003-07-23,-116.66,28.56,123.00,SFL
100203100,104.0,2002-08-06,-116.82857,30.14632,2005-07-01,137.51,37.73,180.00,SFL
100203200,105.0,2002-08-06,-116.82857,30.14595,2003-06-21,-114.7,25.88,92.00,SFL
100203300,99.0,2002-08-06,-116.82857,30.14595,,,,,
100203400,92.0,2002-08-06,-116.82857,30.14595,2005-07-26,-118.1,30.86,164.00,SFL
100203500,88.0,2002-08-06,-116.82857,30.14595,,,,,
100203600,94.0,2002-08-06,-116.80137,30.2123,2003-12-31,,,138.00,SFL
100203700,89.0,2002-08-06,-116.80137,30.2123,2005-05-27,-113.65,25.88,169.00,SFL
100203800,106.0,2002-08-06,-116.80137,30.2123,2002-08-21,-116.56,28.23,105.00,SFL
100203900,94.0,2002-08-06,-116.80137,30.2123,2004-07-12,-116.6,29.23,146.00,SFL
100204000,95.0,2002-08-06,-116.80137,30.2123,2007-07-26,134.2,36.71,209.00,SFL
100204100,95.0,2002-08-06,-116.80137,30.2123,2003-06-10,-114.2,25.75,114.00,SFL
100204200,99.0,2002-08-06,-116.80137,30.2123,2005-06-03,-115.66,25.66,132.00,SFL
100204300,100.0,2002-08-06,-116.80137,30.2123,,,,,
100204400,91.0,2002-08-06,-116.80137,30.2123,,,,,
100204500,99.0,2002-08-06,-116.77722,30.21835,,,,,
100204600,89.0,2002-08-06,-116.77722,30.21835,,,,,
100204700,103.0,2002-08-06,-116.77722,30.21835,2003-06-19,-114.63,25.82,113.00,SFL
100204800,96.0,2002-08-06,-116.77722,30.21835,2005-07-14,132.36,36.03,154.00,SFL
100204900,119.0,2002-08-06,-116.77722,30.21835,2005-11-21,140.6219,41.518,190.00,Estimated
100205400,121.0,2002-08-11,-116.9285,29.28,,,,,
100205600,140.0,2002-08-11,-116.9285,29.28,2004-06-17,142.389342,38.877326,171.00,SFL
100205700,145.0,2002-08-11,-116.9285,29.28,,,,,
100205800,124.0,2002-08-11,-116.9285,29.28,2002-09-03,-117.18,30.03,,
100205900,115.0,2002-08-11,-116.9285,29.28,2003-07-19,-116.43,28.65,120.00,SFL
100206101,144.0,2002-08-11,-117.7,31.7,,,,,
100206300,144.0,2002-08-11,-117.7,31.7,2005-05-14,131.66,27.5,183.00,SFL
100206400,142.5,2002-08-11,-117.7,31.7,,,,,
100206500,143.0,2002-08-11,-117.7,31.7,,,,,
100206600,148.0,2002-08-11,-116.912,29.23732,,,,,
100206700,119.0,2002-08-12,-116.97158,29.502,,,,,
100206800,76.0,2002-08-16,-117.7,31.7,,,,,
100206900,71.0,2002-08-16,-117.7,31.7,,,,,
100207000,73.0,2002-08-16,-117.7,31.7,,,,,
100207100,72.0,2002-08-16,-117.7,31.7,,,,,
100207200,71.0,2002-08-16,-117.7,31.7,,,,,
100207300,77.0,2002-08-16,-117.69868,31.64,,,,,
100207400,77.0,2002-08-16,-117.69868,31.64,,,,,
100207500,77.0,2002-08-16,-117.69868,31.64,,,,,
100207600,117.0,2002-08-16,-117.69868,31.64,,,,,
100207700,100.33,2002-11-12,-116.79,31.67,2005-08-01,-117.4,30.91,190.00,SFL
100207800,105.41,2002-11-12,-116.79,31.67,2005-08-01,-117.4,30.91,188.00,SFL
100207900,97.0,2002-11-12,-116.79,31.67,,,,,
100208000,91.0,2002-11-12,-116.79,31.67,,,,,
100208100,92.0,2002-11-12,-116.79,31.67,2004-07-06,-117.45,29.73,114.00,SFL
100208200,94.0,2002-11-12,-116.79,31.67,2003-09-04,140.18,41.08,105.00,SFL
100208300,97.0,2002-11-12,-116.79,31.67,,,,,
100208400,91.0,2002-11-12,-116.79,31.67,,,,,
100208500,91.0,2002-11-12,-116.79,31.67,2004-07-15,-117.33,29.73,104.00,SFL
100208600,96.0,2002-11-12,-116.79,31.67,,,,,
100208700,91.0,2002-11-12,-116.79,31.67,,,,,
100208800,94.0,2002-11-12,-116.79,31.67,,,,,
100208900,91.0,2002-11-12,-116.79,31.67,,,,,
100209000,112.0,2002-11-12,-116.79,31.67,2005-08-01,-118.41,31.15,173.00,SFL
100209100,90.0,2002-11-12,-116.79,31.67,2004-06-13,-113.7,25.81,126.00,SFL
100209200,94.0,2002-11-12,-116.79,31.67,,,,,
100209300,91.0,2002-11-12,-116.79,31.67,2004-07-07,-116.96,29.48,121.00,SFL
100209400,94.0,2002-11-12,-116.79,31.67,2003-08-05,-116.1,29.28,108.00,SFL
100209500,100.0,2002-11-12,-116.79,31.67,,,,,
100209600,71.0,2002-11-12,-116.79,31.67,2004-06-12,-113.62,25.73,90.00,SFL
100209700,94.0,2002-11-12,-116.79,31.67,,,,,
100209800,93.0,2002-11-12,-116.79,31.67,2003-07-04,-115.45,25.71,120.00,SFL
100300100,97.5,2003-07-24,-116.57,29.26,,,,,
100300200,96.0,2003-07-24,-116.65,29.23,2004-06-15,-113.3,25.45,,
100300300,91.0,2003-07-24,-116.53,29.18,2003-07-28,-117.43,29.38,91.00,SFL
100300400,,2003-07-24,-116.53,29.18,,,,,
100300500,97.0,2003-07-24,-116.53,29.18,2005-07-24,-118.1,30.66,120.00,SFL
100300600,91.0,2003-07-24,-116.5,29.33,2003-10-15,-119.416,32.416,91.00,SFL
100300700,93.0,2003-07-24,-116.53,29.18,2004-07-13,-117.37,29.55,,
100300800,96.0,2003-07-24,-116.5,29.33,2004-07-07,-116.85,29.51,110.00,SFL
100300900,90.0,2003-07-24,-116.5,29.33,2004-07-05,-117.25,29.91,,
100301000,91.0,2003-07-24,-116.53,29.18,,,,,
100301100,93.0,2003-07-24,-116.5,29.33,2006-01-26,,,,
100301200,90.0,2003-07-24,-116.5,29.33,2004-07-14,-117.13,29.57,113.00,SFL
100301300,97.0,2003-07-24,-116.53,29.18,,,,,
100301400,90.0,2003-07-24,-116.5,29.33,2004-06-01,-113.983,25.8166,114.00,SFL
100301500,89.0,2003-07-24,-116.53,29.18,,,,,
100301600,93.0,2003-07-24,-116.53,29.18,,,,,
100301700,93.0,2003-07-24,-116.5,29.33,,,,,
100301800,93.0,2003-07-24,-116.53,29.18,2004-07-06,-117.45,29.73,110.00,SFL
100301900,90.0,2003-07-24,-116.5,29.33,2004-06-26,-117.43,29.72,,
100302000,92.0,2003-07-24,-116.5,29.33,2004-06-15,-113.92,25.95,113.00,SFL
100302100,92.0,2003-07-24,-116.5,29.33,2004-06-15,-117.23,32.38,118.00,SFL
100302200,93.0,2003-07-24,-116.5,29.33,,,,,
100302300,88.0,2003-07-24,-116.5,29.33,2004-06-03,-114.15,25.76,111.00,SFL
100302400,99.0,2003-07-24,-116.5,29.33,2003-08-01,,,96.00,SFL
100302500,98.0,2003-07-24,-116.5,29.33,,,,,
100302600,93.5,2003-07-24,-116.48,29.35,2003-11-13,-121.92,35.65,,
100302700,90.0,2003-07-24,-116.48,29.35,2004-06-12,-117.23,32.38,119.00,SFL
100302800,91.0,2003-07-24,-116.48,29.35,,,,,
100302900,94.0,2003-07-24,-116.48,29.35,2004-06-12,-113.62,25.73,118.00,SFL
100303000,95.0,2003-07-24,-116.48,29.35,2004-06-17,-114.97,27.15,107.00,SFL
100303100,93.5,2003-07-24,-116.48,29.35,2004-07-13,-117.37,29.55,113.70,SFL
100303200,92.0,2003-07-24,-116.48,29.35,2004-07-09,-116.96,29.95,110.00,SFL
100303300,90.0,2003-07-24,-116.48,29.35,2005-06-30,134.1,34.45,,
100303400,95.0,2003-07-24,-116.48,29.35,2004-06-13,-113.7,25.81,,
100303500,90.5,2003-07-24,-116.48,29.35,,,,,
100303600,92.0,2003-07-24,-116.48,29.35,2004-07-13,-117.37,29.55,110.00,SFL
100303700,99.0,2003-07-24,-116.48,29.35,2004-06-15,-113.97,26.08,110.00,SFL
100303800,96.0,2003-07-24,-116.48,29.35,2004-07-15,-116.86,29.46,121.00,SFL
100303900,93.0,2003-07-24,-116.48,29.35,2004-05-31,-114.03,25.7,,
100304000,92.5,2003-07-25,-116.58,29.26,2005-06-02,-113.98,25.4,137.00,SFL
100304100,93.5,2003-07-25,-116.58,29.26,,,,,
100304200,95.0,2003-07-25,-116.58,29.26,2004-06-15,-114.03,26.13,110.00,SFL
100304300,95.5,2003-07-25,-116.58,29.26,2005-08-04,-118.28,31.36,138.00,SFL
100304400,96.0,2003-07-25,-116.58,29.26,2004-08-06,-117.5,30.76,,
100304500,94.0,2003-07-25,-116.58,29.26,,,,,
100304600,97.0,2003-07-25,-116.58,29.26,,,,,
100304700,97.0,2003-07-25,-116.62,29.24,2003-10-18,-122,35.02,99.00,SFL
100304800,96.0,2003-07-25,-116.63,29.24,2004-07-05,-117.33,29.95,123.00,SFL
100305000,93.0,2003-07-25,-116.58,29.26,2004-06-16,-113.91,26.33,,
100305100,93.0,2003-07-25,-116.63,29.24,2004-07-09,-116.96,29.95,,
100305200,94.0,2003-07-25,-116.63,29.24,2004-06-15,-113.97,26.08,106.00,SFL
100305300,92.0,2003-07-25,-116.63,29.24,2004-07-13,-117.37,29.55,,
100305400,97.0,2003-07-25,-116.68,29.21,,,,,
100305500,93.0,2003-07-25,-116.68,29.21,,,,,
100305600,94.0,2003-07-25,-116.68,29.21,,,,,
100305700,94.0,2003-07-25,-116.68,29.21,2004-07-07,-116.85,29.51,124.00,SFL
100305800,98.0,2003-07-25,-116.7,29.2,2004-06-16,-113.3,25.5,,
100305900,97.0,2003-07-25,-116.68,29.21,2004-06-15,-113.97,26.08,,
100306000,93.0,2003-07-25,-116.7,29.2,2004-06-18,-115.03,26.98,113.00,SFL
100306100,91.0,2003-07-25,-116.7,29.2,2004-06-15,-113.98,25.97,,
100306200,98.0,2003-07-25,-116.7,29.2,2005-07-24,-118.01,30.45,70.00,SFL
100306300,94.0,2003-07-25,-116.73,29.17,2004-06-16,-113.92,26.33,113.00,SFL
100306400,94.0,2003-07-25,-116.75,29.16,2004-06-18,-114.78,27.15,,
100306500,96.0,2003-07-25,-116.64,29.22,2007-05-01,,,,
100306600,116.0,2003-07-25,-116.64,29.22,2004-06-09,138.25,37.8,131.00,SFL
100306700,97.0,2003-07-26,-115.97,28.96,2004-07-26,-117.2,31.4,108.00,SFL
100306800,93.0,2003-07-26,-115.97,28.96,2004-07-14,-117.13,29.57,110.00,SFL
100306900,95.0,2003-07-26,-115.97,28.96,2004-06-15,-113.3,25.45,,
100307000,95.5,2003-07-26,-115.97,28.96,2004-06-30,-117.16,29.83,110.00,SFL
100307100,99.0,2003-07-26,-115.97,28.96,2004-07-03,-116.77,29.43,83.00,SFL
100307200,96.0,2003-07-26,-115.97,28.96,2004-06-12,-113.62,25.73,,
100307300,125.0,2003-07-26,-115.97,28.96,2004-07-17,-117.23,29.07,70.00,SFL
100307400,96.0,2003-07-27,-116.64,29.27,,,,,
100307500,92.0,2003-07-27,-116.64,29.27,2004-07-17,-116.83,29.4,106.00,SFL
100307600,,2003-07-27,-116.66,29.26,,,,,
100307700,96.5,2003-07-27,-116.66,29.26,2004-06-12,-113.61,25.76,175.00,SFL
100307800,99.0,2003-07-27,-116.66,29.26,,,,,
100307900,97.5,2003-07-27,-116.67,29.25,,,,,
100308000,100.5,2003-07-27,-116.67,29.25,2004-08-05,-117.55,30.7,,
100308100,97.0,2003-07-27,-116.67,29.25,2004-06-15,-113.98,25.47,105.50,SFL
100308200,93.0,2003-07-27,-116.74,29.4,2004-06-15,-113.85,25.93,,
100308300,98.0,2003-07-27,-116.74,29.4,,,,,
100308400,89.0,2003-07-28,-116.56,29.43,2004-06-12,-113.62,25.73,120.00,SFL
100308500,89.0,2003-07-28,-116.56,29.43,2004-07-07,-116.86,29.51,123.00,SFL
100308600,94.0,2003-07-28,-116.56,29.43,2005-06-02,-118.1,30.66,136,SFL
100308700,96.0,2003-07-28,-116.56,29.43,2004-07-17,-116.83,29.4,108.00,SFL
100308800,92.0,2003-07-28,-116.56,29.43,2007-07-19,140.35,41.4,98.00,pre 2nd dorsal
100308900,92.0,2003-07-28,-116.56,29.43,2004-07-15,-117.33,29.73,121.00,SFL
100309000,93.0,2003-07-28,-116.56,29.43,2004-06-15,-113.78,25.93,,
100309100,93.0,2003-07-28,-116.56,29.43,2004-07-17,-116.83,29.4,108.00,SFL
100309200,96.0,2003-07-28,-116.56,29.43,2004-07-05,-117.25,29.91,140.00,SFL
100309300,90.5,2003-07-28,-116.52,29.46,,,,,
100309400,94.0,2003-07-29,-116.56,29.35,,,,,
100309500,96.0,2003-07-29,-116.56,29.35,,,,,
100309600,93.0,2003-07-29,-116.56,29.35,2006-07-16,135.51356,36.1135,154.00,SFL
100309700,94.0,2003-07-29,-116.56,29.35,2004-07-07,-116.85,29.51,123.00,SFL
100309800,87.0,2003-07-29,-116.56,29.35,2004-07-15,-116.86,29.46,112.00,SFL
100309900,94.0,2003-07-29,-116.56,29.35,,,,,
100310000,96.0,2003-07-29,-116.56,29.35,2004-06-13,-113.7,25.81,113.00,SFL
100310100,92.0,2003-07-29,-116.56,29.35,,,,,
100310200,90.0,2003-07-29,-116.56,29.35,2004-07-14,-117.13,29.57,114.00,SFL
100310300,92.0,2003-07-29,-116.56,29.35,2004-07-16,,,,
100310400,91.0,2003-07-29,-116.56,29.35,2004-06-15,-113.98,25.97,100.30,SFL
100310500,98.0,2003-07-29,-116.56,29.35,2004-06-15,-113.85,25.93,,
100310600,95.0,2003-07-29,-116.56,29.35,2004-06-16,-114.5,26.92,,
100310700,97.0,2003-07-29,-116.56,29.35,,,,,
100310800,94.0,2003-07-29,-116.56,29.35,,,,,
100310900,96.0,2003-07-29,-116.63,29.33,,,,,
100311000,95.0,2003-07-29,-116.63,29.33,2004-08-07,-117.2,30.43,100.00,SFL
100311100,90.0,2003-08-04,-116.54,30.44,2006-03-31,-114.75,27,153.00,SFL
100400100,101.0,2004-08-12,-117.46617,31.23737,2010-12-06,140.89,41.631,,
100400200,84.0,2004-08-16,-117.34533,31.34383,,,,,
100400300,81.0,2004-08-20,-117.50683,31.53183,2006-03-29,-112.78,24.75,106.30,SFL
100400400,77.0,2004-08-20,-117.52633,31.46083,2005-05-27,-113.73,25.76,86.30,SFL
100400500,79.0,2004-08-20,-117.52633,31.46083,2005-05-27,-113.68,25.9,,
100400600,80.5,2004-08-20,-117.5275,31.455,2009-10-06,142.17,41.26,178,SFL
100400700,77.0,2004-08-20,-117.50683,31.53183,2005-07-02,-114.85,26.7,,
100400800,77.0,2004-08-20,-117.50683,31.53183,2005-05-27,-113.73,25.76,88.90,UNK
100500100,130.0,2005-03-09,-116.99732,31.71792,2012-07-13,134.525,36.475,,
100500200,124.0,2005-03-09,-116.99732,31.71792,2005-07-24,-117.95,30.7,130.00,SFL
100500300,132.0,2005-03-09,-116.99732,31.71792,2006-11-30,-116.64,31.516,,
100500400,135.0,2005-03-09,-116.99732,31.71792,2005-07-19,-117.16,29.23,143.00,SFL
100500500,102.0,2005-03-09,-116.99732,31.71792,,,,,
100500600,121.0,2005-03-09,-116.99732,31.71792,2005-08-01,-118.41,31.15,,
100500700,109.0,2005-03-09,-116.99732,31.71792,2005-08-01,-118.08,30.88,136.00,SFL
100501000,129.0,2005-03-09,-116.99732,31.71792,2005-07-09,-116.96,28.75,134.00,SFL
100501100,127.0,2005-03-09,-116.99732,31.71792,2005-06-03,-113.71,25.73,133.00,SFL
100501200,125.0,2005-03-09,-116.99732,31.71792,2005-06-02,-113.98,25.4,150.00,SFL
100501500,130.0,2005-03-09,-116.99732,31.71792,,,,,
100501600,116.0,2005-03-09,-116.99732,31.71792,2006-05-11,-113.81,25.91,,
100501700,124.0,2005-03-09,-116.99732,31.71792,2006-07-12,135.51356,36.1135,,
100501800,123.0,2005-03-09,-116.99732,31.71792,2005-07-24,-118.08,30.88,142.00,SFL
100501900,130.0,2005-03-09,-116.99732,31.71792,2005-06-02,-113.98,25.4,150.00,SFL
100502000,128.0,2005-03-09,-116.99732,31.71792,2006-06-01,-114.41,26.53,,
100502100,129.0,2005-03-09,-116.99732,31.71792,,,,,
100502200,133.0,2005-03-09,-116.99732,31.71792,2005-07-07,-117.95,30.7,142.00,SFL
100502300,126.0,2005-03-09,-116.99732,31.71792,2005-07-24,-118.01,30.45,,
100502400,131.0,2005-03-09,-116.99732,31.71792,2005-08-01,-118.41,31.15,138.00,SFL
100502500,117.0,2005-03-09,-116.99732,31.71792,,,,,
100502600,130.0,2005-03-09,-116.99732,31.71792,2005-08-01,-118.41,31.15,140.00,SFL
100502700,131.0,2005-03-09,-116.99732,31.71792,2005-08-01,-118.41,31.15,140.00,SFL
100502800,125.0,2005-03-09,-116.99732,31.71792,,,,,
100502900,123.0,2005-03-09,-116.99732,31.71792,2005-07-09,-116.96,28.75,131.00,SFL
100503000,131.0,2005-03-09,-116.99732,31.71792,,,,,
100503100,134.0,2005-03-09,-116.99732,31.71792,,,,,
100503200,127.0,2005-03-09,-116.99732,31.71792,,,,,
100503300,119.0,2005-03-09,-116.99732,31.71792,2005-08-01,-118.41,31.15,129.00,SFL
100503400,115.0,2005-03-09,-116.99732,31.71792,,,,,
100503500,126.0,2005-03-09,-116.99732,31.71792,2005-06-02,-113.98,25.4,130.00,SFL
100503700,126.0,2005-03-09,-116.99732,31.71792,2005-07-09,-117.01,28.63,133.00,SFL
100503800,131.0,2005-03-09,-116.99732,31.71792,2005-07-15,-117,29,,
100503900,123.0,2005-03-09,-116.99732,31.71792,2005-06-02,-113.983,25.4,123.00,SFL
100504000,122.0,2005-03-09,-116.99732,31.71792,2005-07-09,-117.01,28.63,134.00,SFL
100504100,128.0,2005-03-09,-116.99732,31.71792,2005-07-15,-117,29,,
100504200,129.0,2005-03-09,-116.99732,31.71792,2006-05-11,-113.81,25.91,,
100504300,117.0,2005-03-09,-116.99732,31.71792,2005-07-24,-118.016,30.45,132,SFL
100504400,131.0,2005-03-09,-116.99732,31.71792,2005-07-24,-118.01,30.45,143.00,SFL
100504500,121.0,2005-03-09,-116.99732,31.71792,2005-08-01,-118.41,31.15,132.00,SFL
100504700,115.0,2005-03-09,-116.99732,31.71792,2005-07-24,-118.1,30.66,,
100504800,126.0,2005-03-09,-116.99732,31.71792,2005-07-23,-118.03,30.31,139.00,SFL
100504900,67.0,2005-08-06,-118.6352,31.78932,2006-04-13,-113.88,25.55,125.00,SFL
100505000,72.0,2005-08-06,-118.6352,31.78932,2006-08-17,-117.53,32.28,,
100505100,77.0,2005-08-06,-118.6352,31.78932,2006-04-04,-113.7,24.96,,
100505200,67.0,2005-08-06,-118.6352,31.78932,,,,,
100505300,98.5,2005-08-06,-118.61335,31.80472,2006-07-23,-117.46,31.73,,
100505400,73.0,2005-08-06,-118.61335,31.80472,2006-04-03,-113.78,24.86,,
100505500,70.0,2005-08-06,-118.60882,31.78642,,,,,
100505600,63.0,2005-08-06,-118.63322,31.79302,2006-04-13,-114.06,25.91,,
100505700,65.0,2005-08-06,-118.63235,31.79295,2006-04-12,-113.9,25.51,,
100505800,73.0,2005-08-06,-118.63235,31.79295,2005-08-16,-118.81,31.13,71.00,SFL
100505900,76.0,2005-08-06,-118.62463,31.8027,2005-08-17,-119.25,32.46,,
100506000,70.0,2005-08-06,-118.45715,31.8827,2007-07-12,-117.533,32.0166,,
100506100,93.0,2005-08-06,-118.5986,31.78588,,,,,
100506200,77.0,2005-08-09,-118.42702,32.01695,2005-08-16,-118.81,31.13,,
100506300,70.0,2005-08-09,-118.42495,32.01712,2006-04-13,-114.05,25.98,87.20,SFL
100506400,73.0,2005-08-09,-118.42495,32.01712,2006-06-24,-116.83,30.65,93.50,SFL
100506500,99.0,2005-08-11,-119.02618,31.66678,,,,,
100506600,101.0,2005-08-11,-119.02583,31.6712,2009-03-09,129.466,33.916,190,SFL
100506700,99.5,2005-08-11,-119.02593,31.67063,2006-04-20,-113.95,26.26,120.00,CFL
100506800,113.0,2005-08-11,-119.02593,31.67063,2006-06-08,-114.68,26.35,129.00,SFL
100506900,96.0,2005-08-11,-119.02492,31.6749,2006-06-03,-114.4,26.58,,
100507000,104.0,2005-08-11,-119.022,31.67972,2006-04-13,-114.83,27.06,113.00,SFL
100507100,99.0,2005-11-12,-116.905,31.68333,,,,,
100507200,103.0,2005-11-12,-116.905,31.68333,,,,,
100507400,96.0,2005-11-12,-116.905,31.68333,,,,,
100507600,98.0,2005-11-12,-116.905,31.68333,2006-04-13,-114.83,27.06,104.00,SFL
100507700,103.0,2005-11-12,-116.905,31.68333,,,,,
100507800,98.0,2005-11-12,-116.905,31.68333,,,,,
100507900,98.0,2005-11-12,-116.905,31.68333,2008-10-15,140.6219,41.518,158.9,SFL
100508000,100.0,2005-11-12,-116.905,31.68333,,,,,
100508100,120.0,2005-11-12,-116.905,31.68333,,,,,
100508200,135.0,2005-11-12,-116.905,31.68333,,,,,
100508300,93.0,2005-11-12,-116.905,31.68333,2006-03-28,-112.85,24.63,,
100508400,93.0,2005-11-12,-116.905,31.68333,2006-07-18,140.16,41.08,110.00,SFL
100508500,99.0,2005-11-12,-116.905,31.68333,,,,,
100508600,101.0,2005-11-12,-116.905,31.68333,2006-07-07,-117.3,31.95,110.00,SFL
100508700,96.0,2005-11-12,-116.905,31.68333,,,,,
100508900,106.0,2005-11-12,-116.905,31.68333,2006-04-29,-114.41,26.83,,
100509000,96.0,2005-11-12,-116.905,31.68333,2006-05-22,-114.05,25.9,,
100509100,95.0,2005-11-12,-116.905,31.68333,,,,,
100509300,99.0,2005-11-12,-116.905,31.68333,2007-06-19,-117.55,29,,
100509500,103.0,2005-11-12,-116.905,31.68333,2006-04-12,-113.86,25.46,,
100509600,107.0,2005-11-12,-116.905,31.68333,,,,,
100509700,104.0,2005-11-12,-116.905,31.68333,2006-05-13,-113.8,25.88,104.00,SFL
100509800,101.0,2005-11-12,-116.905,31.68333,,,,,
100510000,100.0,2005-11-12,-116.905,31.68333,2006-04-12,-113.86,25.51,,
100510100,137.0,2005-11-12,-116.905,31.68333,,,,,
100510200,111.0,2005-11-12,-116.905,31.68333,,,,,
100510300,100.0,2005-11-12,-116.905,31.68333,,,,,
100510400,102.0,2005-11-12,-116.905,31.68333,,,,,
100510500,103.0,2005-11-12,-116.905,31.68333,,,,,
100510600,97.0,2005-11-12,-116.905,31.68333,2006-05-13,-113.85,25.9,,
100510700,106.0,2005-11-12,-116.905,31.68333,2006-08-02,-117.7,32.06,122.00,SFL
100510800,99.0,2005-11-12,-116.905,31.68333,2006-07-08,-117.3,31.96,120.00,SFL
100510900,100.0,2005-11-12,-116.905,31.68333,2006-08-02,-117.65,32.05,115.00,SFL
100511000,102.0,2005-11-12,-116.905,31.68333,,,,,
100511100,96.0,2005-11-12,-116.905,31.68333,2006-06-27,-116.88,29.91,,
100511200,98.0,2005-11-12,-116.905,31.68333,2006-07-08,-117.3,31.96,110.00,SFL
100511300,98.0,2005-11-12,-116.905,31.68333,2006-03-27,-112.6,24.61,,
100511400,96.0,2005-11-12,-116.905,31.68333,,,,,
100511500,103.0,2005-11-12,-116.905,31.68333,2006-05-12,-113.91,26.33,,
100511600,93.0,2005-11-12,-116.905,31.68333,,,,,
100511700,119.0,2005-11-12,-116.905,31.68333,,,,,
100511800,147.0,2005-11-12,-116.905,31.68333,2006-05-13,-113.9,25.98,,
100511900,103.0,2005-11-12,-116.905,31.68333,2006-04-12,-113.86,25.46,,
100512000,103.0,2005-11-12,-116.905,31.68333,2006-06-03,-114.42,26.64,131.00,SFL
100514400,127.0,2005-03-09,-116.99732,31.71792,2007-05-01,,,,
100600100,97.0,2006-12-08,-116.905,31.68333,,,,,
100600200,99.0,2006-12-08,-116.905,31.68333,2007-07-28,-116.55,30.3166,116,SFL
100600300,81.0,2006-12-08,-116.905,31.68333,,,,,
100600400,75.0,2006-12-08,-116.905,31.68333,,,,,
100600600,101.0,2006-12-08,-116.905,31.68333,,,,,
100600700,96.0,2006-12-08,-116.905,31.68333,2007-07-11,-117.4166,32.0166,104.7,SFL
100600800,99.0,2006-12-08,-116.905,31.68333,,,,,
100600900,78.0,2006-12-08,-116.905,31.68333,,,,,
100601000,104.0,2006-12-08,-116.905,31.68333,,,,,
100601100,82.0,2006-12-08,-116.905,31.68333,,,,,
100601200,81.0,2006-12-08,-116.905,31.68333,,,,,
100601300,97.0,2006-12-08,-116.905,31.68333,,,,,
100601400,82.5,2006-12-08,-116.905,31.68333,,,,,
100601600,97.0,2006-12-08,-116.905,31.68333,,,,,
100601700,73.0,2006-12-08,-116.905,31.68333,2007-06-14,-113.25,25.87,86,SFL
100601800,78.0,2006-12-08,-116.905,31.68333,,,,,
100601900,78.0,2006-12-08,-116.905,31.68333,,,,,
100602000,79.0,2006-12-08,-116.905,31.68333,,,,,
100602100,99.0,2006-12-08,-116.905,31.68333,2007-07-11,-117.5166,32.0166,,
100602300,99.0,2006-12-08,-116.905,31.68333,,,,,
100602400,93.0,2006-12-08,-116.905,31.68333,,,,,
100602500,101.0,2006-12-08,-116.905,31.68333,,,,,
100602700,82.0,2006-12-08,-116.905,31.68333,,,,,
100602800,94.0,2006-12-08,-116.905,31.68333,,,,,
100602900,77.0,2006-12-08,-116.905,31.68333,,,,,
100603000,77.0,2006-12-08,-116.905,31.68333,,,,,
100603100,97.0,2006-12-08,-116.905,31.68333,,,,,
100603200,99.0,2006-12-08,-116.905,31.68333,2008-07-05,-116.65,30.2,145,SFL
100603500,83.0,2006-12-08,-116.905,31.68333,,,,,
100603600,97.0,2006-12-08,-116.905,31.68333,2007-07-07,-117.55,31.96,122,SFL
100603700,94.0,2006-12-08,-116.905,31.68333,,,,,
100603800,102.0,2006-12-08,-116.905,31.68333,,,,,
100603900,78.0,2006-12-08,-116.905,31.68333,,,,,
100604000,76.0,2006-12-08,-116.905,31.68333,,,,,
100604100,82.0,2006-12-08,-116.905,31.68333,,,,,
100604200,93.0,2006-12-08,-116.905,31.68333,2007-06-25,-117.716,32.216,106.5,SFL
100604300,93.0,2006-12-08,-116.905,31.68333,2007-06-28,-117.06,31.43,110.00,SFL
100604500,97.0,2006-12-08,-116.905,31.68333,,,,,
100604600,78.0,2006-12-08,-116.905,31.68333,,,,,
100604700,81.0,2006-12-08,-116.905,31.68333,2007-07-04,-117.21,31.61,98.00,SFL
100604800,100.0,2006-12-08,-116.905,31.68333,,,,,
100604900,77.0,2006-12-08,-116.905,31.68333,,,,,
100605000,78.0,2006-12-08,-116.905,31.68333,,,,,
100605100,75.0,2006-12-08,-116.905,31.68333,,,,,
100605200,75.0,2006-12-08,-116.905,31.68333,2007-07-04,-117.3,31.5833,,
100605300,102.0,2006-12-08,-116.905,31.68333,,,,,
100605400,70.0,2006-12-08,-116.905,31.68333,,,,,
100605500,99.0,2006-12-08,-116.905,31.68333,,,,,
100605600,75.0,2006-12-08,-116.905,31.68333,,,,,
100605700,95.0,2006-12-08,-116.905,31.68333,,,,,
100605900,77.0,2006-12-08,-116.905,31.68333,,,,,
100606000,100.0,2006-12-08,-116.905,31.68333,,,,,
100606100,102.0,2006-12-08,-116.905,31.68333,,,,,
100606200,99.0,2006-12-08,-116.905,31.68333,,,,,
100606300,82.0,2006-12-08,-116.905,31.68333,2007-07-02,-117.45,31.6,,
100606400,76.0,2006-12-08,-116.905,31.68333,,,,,
100606500,82.0,2006-12-08,-116.905,31.68333,,,,,
100606600,82.0,2006-12-08,-116.905,31.68333,,,,,
100606700,80.0,2006-12-08,-116.905,31.68333,,,,,
100606800,78.0,2006-12-08,-116.905,31.68333,2007-06-29,-117.83,32.33,,
100606900,78.0,2006-12-08,-116.905,31.68333,,,,,
100607000,104.0,2006-12-08,-116.905,31.68333,,,,,
100607100,101.0,2006-12-08,-116.905,31.68333,,,,,
100607200,94.0,2006-12-08,-116.905,31.68333,2007-05-17,-115.7,26.83,,
100607300,94.0,2006-12-08,-116.905,31.68333,,,,,
100607500,92.0,2006-12-08,-116.905,31.68333,,,,,
100607600,73.0,2006-12-08,-116.905,31.68333,,,,,
100700700,97.0,2007-07-11,-117.65305,32.28278,2007-07-18,-117.41,32.1,,
100700800,110.0,2007-07-11,-117.64228,32.28307,2010-05-28,138.83,37.853,,
100702800,76,2007-12-12,-116.905,31.68333,,,,,
100702900,78,2007-12-12,-116.905,31.68333,,,,,
100703000,79,2007-12-12,-116.905,31.68333,,,,,
100703200,76,2007-12-12,-116.905,31.68333,,,,,
100703300,77.8,2007-12-12,-116.905,31.68333,,,,,
100703400,78,2007-12-12,-116.905,31.68333,2008-07-04,-116.75,30.05,97.6,CFL
100703500,76,2007-12-12,-116.905,31.68333,,,,,
100703600,79.2,2007-12-12,-116.905,31.68333,,,,,
100703700,76.5,2007-12-12,-116.905,31.68333,2008-07-06,-116.71666,30.3333,84,SFL
100703800,75,2007-12-12,-116.905,31.68333,2008-08-04,-117.666,32.3,,
100703900,79.5,2007-12-12,-116.905,31.68333,2008-07-21,-117.833,31.3833,92.3,SFL
100704000,77.9,2007-12-12,-116.905,31.68333,,,,,
100704100,100,2007-12-12,-116.905,31.68333,,,,,
100704200,78,2007-12-12,-116.905,31.68333,2008-08-04,-117.666,32.3,107.5,SFL
100704300,75.6,2007-12-12,-116.905,31.68333,,,,,
100704400,76.5,2007-12-12,-116.905,31.68333,,,,,
100704500,74.5,2007-12-12,-116.905,31.68333,2008-07-19,-117.85,32.25,120,CFL
100704600,78.5,2007-12-12,-116.905,31.68333,,,,,
100704700,93.3,2007-12-12,-116.905,31.68333,2008-06-06,-116.8,29.5,,
100704800,76,2007-12-12,-116.905,31.68333,2008-06-21,-116.433,29.7,91,SFL
100704900,74,2007-12-12,-116.905,31.68333,,,,,
100800100,70,2008-07-08,-116.95642,30.67943,2008-07-20,-117.7,32.316,,
100800200,70.5,2008-07-08,-116.95642,30.67943,2009-06-26,-117.05,31.05,,
100800300,69,2008-07-08,-116.95642,30.67943,2008-07-22,-117.85,31.583,,
100800400,69,2008-07-08,-116.95642,30.67943,2008-07-13,-117.316,31.75,,
100800500,65,2008-07-08,-116.95642,30.67943,,,,,
100800600,65,2008-07-08,-116.95642,30.67943,,,,,
100800700,66,2008-07-08,-116.95642,30.67943,2008-07-13,-117.316,31.75,,
100800800,67,2008-07-08,-116.95642,30.67943,,,,,
100800900,68,2008-07-10,-117.16133,30.92667,2009-06-25,,,60,Estimated
100801000,65,2008-07-11,-117.2207,31.09008,2010-06-23,-117.55,28.2166,,
100801100,95,2008-07-11,-117.21617,31.10673,2008-08-04,-117.7,32.316,,
100801200,68,2008-07-11,-117.21617,31.10673,,,,,
100801300,72,2008-07-11,-117.21617,31.10673,2008-07-25,-117.966,31.583,,
100801400,101,2008-07-11,-117.21617,31.10673,2008-07-26,-117.4,32.2,90,CFL
100801500,64,2008-07-11,-117.21617,31.10673,2008-07-20,-117.633,31.55,,
100801600,68,2008-07-11,-117.21617,31.10673,2008-07-31,-117.766,32.5,68,CFL
100801700,68,2008-07-11,-117.21617,31.10673,,,,80,Estimated
100801800,72.9,2008-07-11,-117.21617,31.10673,2008-07-19,-117.18333,31.86666,75,SFL
100801900,69.5,2008-07-11,-117.21617,31.10673,2008-07-25,-117.47,32.48,,
100802000,67,2008-07-11,-117.21617,31.10673,2008-07-21,-117.833,31.383,,
100802100,71,2008-07-11,-117.21617,31.10673,,,,,
100802200,67,2008-07-11,-117.21617,31.10673,2009-07-01,-117.4166,32.1333,115,SFL
100802300,68,2008-07-11,-117.21617,31.10673,2008-07-20,-117.4166,31.9,72,SFL
100802400,69,2008-07-11,-117.26465,31.11398,,,,,
100802500,68,2008-07-11,-117.26465,31.11398,,,,,
100802600,68,2008-07-11,-117.26465,31.11398,2008-07-22,-117.85,31.583,,
100802700,68,2008-07-11,-117.2882,31.12038,2008-07-25,-117.9,31.6166,,
100802800,68,2008-07-11,-117.2882,31.12038,2008-07-23,-117.8333,31.6,63,Estimated
100802900,67,2008-07-11,-117.2882,31.12038,2008-08-01,-117.866,32.466,55,CFL
100803000,69.2,2008-07-11,-117.2882,31.12038,,,,,
100803100,68,2008-07-11,-117.2882,31.12038,2008-07-19,-117.466,31.133,,
100803200,68,2008-07-11,-117.2882,31.12038,2008-07-23,-117.8833,31.6,75,SFL
100803300,62,2008-07-11,-117.2882,31.12038,2008-07-25,-117.9666,31.5833,74,SFL
100803400,69,2008-07-11,-117.28763,31.12193,2008-07-20,-117.7833,31.35,73,SFL
100803500,62,2008-07-11,-117.2882,31.12038,2011-06-06,133.396,35.827,,
100803600,68,2008-07-11,-117.2882,30.12038,2009-08-04,-116.833,30.33,83.3,SFL
100803700,71,2008-07-11,-117.2882,31.12038,2008-07-29,-117.716,32.4833,69,CFL
100803800,71,2008-07-11,-117.2882,31.12038,,,,,
100803900,67,2008-07-11,-117.2882,31.12038,2008-07-25,-118.1,30.85,67,SFL
100804000,67,2008-07-11,-117.2882,31.12038,2009-06-18,,,104,SFL
100804100,,2008-07-11,-117.2882,31.12038,2008-07-20,-117.8,31.416,75,SFL
100804200,68,2008-07-11,-117.2882,31.12055,,,,,
100804300,68,2008-07-11,-117.2882,31.12055,,,,,
100804400,66,2008-07-11,-117.2882,31.12055,2008-07-20,-117.8,31.416666,,
100804500,69,2008-07-11,-117.28208,31.11402,2008-07-30,-117.833,32.4166,65,SFL
100804600,71.5,2008-07-11,-117.28193,31.10667,,,,,
100804700,67,2008-07-11,-117.2819,31.11385,2008-07-30,-117.8,32.5,,
100804800,87,2008-07-11,-117.26735,31.14293,2008-07-28,-117.4,31.9166,88.5,SFL
100804900,91,2008-07-11,-117.26747,31.14268,2008-07-22,-117.8,31.56666,98,SFL
100805000,93,2008-07-11,-117.26747,31.14268,2010-12-19,129.4766,33.93,,
100805100,85,2008-07-11,-117.2281,31.17098,2008-07-23,-117.8833,31.6,73,SFL
100805200,82.5,2008-07-11,-117.2281,31.17098,,,,,
100805300,100.5,2008-07-11,-117.2281,31.17098,2010-06-17,139.745,38.95,,
100805400,101,2008-07-11,-117.2281,31.17098,2008-08-04,-117.7,32.316,,
100805500,93.5,2008-07-11,-117.2281,31.17098,,,,,
100805600,100,2008-07-11,-117.2281,31.17098,2009-11-04,140.88,41.55,,
100805700,110,2008-07-11,-117.2281,31.17098,2008-07-29,-117.7,32.5,68,Estimated
100805800,66,2008-07-11,-117.23267,31.185,2008-07-23,-117.9,31.5,70,SFL
100805900,68,2008-07-11,-117.23267,31.1859,2008-07-23,-117.52,31.58,,
100806000,69,2008-07-11,-117.23267,31.1859,,,,,
100806100,69.5,2008-07-11,-117.23258,31.18573,,,,,
100806200,68,2008-07-11,-117.23258,31.18573,,,,,
100806300,69,2008-07-11,-117.23267,31.1859,2008-07-21,-117.266,31.9166,,
100806400,65,2008-07-11,-117.23267,31.1859,2008-07-19,-117.1833,31.86666,73,SFL
100806500,63.8,2008-07-11,-117.23267,31.1859,2008-07-20,-117.783,31.35,95,SFL
100806600,65,2008-07-11,-117.23267,31.1859,2008-07-22,-117.85,31.583,,
100806700,66,2008-07-11,-117.23258,31.18573,2008-08-04,-117.833,32.25,,
100806800,59,2008-07-11,-117.23267,31.1859,,,,,
100806900,71,2008-07-11,-117.23267,31.1859,2008-07-22,-117.816,31.583,72.5,SFL
100807000,71,2008-07-11,-117.23267,31.1859,2009-07-10,,,82,SFL
100807100,67,2008-07-11,-117.23258,31.18573,,,,,
100807200,70,2008-07-11,-117.23267,31.1859,,,,,
100807300,70,2008-07-11,-117.23267,31.1859,,,,,
100807400,68,2008-07-11,-117.23258,31.18573,,,,60,SFL
100807500,71,2008-07-11,-117.23267,31.1859,2008-07-21,-117.266,31.9166,,
100807600,65,2008-07-11,-117.23258,31.18573,,,,,
100807700,68,2008-07-11,-117.23267,31.1859,2009-07-04,,,,
100807800,68,2008-07-11,-117.23053,31.18493,2009-03-15,,,50,Estimated
100807900,71,2008-07-11,-117.23267,31.1859,2009-07-01,,,110,SFL
100808000,70,2008-07-11,-117.23267,31.1859,,,,,
100808100,68,2008-07-11,-117.23267,31.1859,2010-12-15,,,,
100808200,70,2008-07-11,-117.23267,31.1859,2008-07-29,-117.73,32.43,,
100808300,67,2008-07-11,-117.21617,31.10673,2008-07-19,-117.1666,31.8333,65,Estimated
100808400,90,2008-07-11,-117.21617,31.10673,,,,,
100808500,67,2008-07-11,-117.23488,31.08947,2008-07-25,,,98,SFL
100808600,68,2008-07-11,-117.21617,31.10673,2008-07-22,-117.8,31.583,72.2,SFL
100808700,65,2008-07-11,-117.2819,31.11385,2008-09-18,-118.233,32.0833,,
100808800,68,2008-07-11,-117.21617,31.10673,2009-08-03,-117.066,30.216,,
100808900,67,2008-07-11,-117.21617,31.10673,2008-07-30,-117.866,31.583,,
100809000,70,2008-07-11,-117.23488,31.08947,,,,,
100809100,70,2008-07-11,-117.23488,31.08947,2008-08-04,-117.816,32.25,,
100809200,68,2008-07-11,-117.23488,31.08947,2008-07-20,-117.366,31.916,,
100809300,70,2008-07-11,-117.23488,31.08947,2008-07-22,-117.783,31.583,68.7,SFL
100809400,68,2008-07-11,-117.23488,31.08947,,,,,
100809500,69,2008-07-11,-117.23488,31.08947,,,,,
100809600,68,2008-07-11,-117.23488,31.08947,2008-08-05,-117.9,32.18333,,
100809700,72,2008-07-12,-117.3724,31.18548,,,,,
100809800,69.2,2008-07-12,-117.3724,31.18548,2008-07-20,-117.633,31.55,70,Estimated
100809900,70.5,2008-07-12,-117.3724,31.18548,,,,,
100810000,68,2008-07-12,-117.37718,31.18577,2008-07-23,-117.9,31.55,68,SFL
100810100,69,2008-07-12,-117.3724,31.18548,2008-07-20,-117.366,31.916,,
100810200,71,2008-07-12,-117.37718,31.18577,2009-06-21,-117.166,30.0833,95,Estimated
100810300,70,2008-07-12,-117.3724,31.18548,2008-07-20,-117.7833,31.35,93,SFL
100810400,72,2008-07-12,-117.37718,31.18577,2008-07-20,-117.4166,31.9,60,Estimated
100810500,73,2008-07-12,-117.3724,31.18548,2008-08-01,-117.816,32.5,,
100810600,68.5,2008-07-12,-117.37837,31.20993,,,,,
100810700,70,2008-07-12,-117.37718,31.18577,,,,,
100810800,69,2008-07-12,-117.37837,31.20993,2008-07-23,-117.816,31.633,71.4,SFL
100810900,68,2008-07-12,-117.37535,31.2099,2008-07-30,-117.666,32.48333,66,SFL
100811000,69,2008-07-12,-117.43423,31.19995,2008-07-19,,,100,SFL
100811100,65.5,2008-07-12,-117.44943,31.2032,,,,,
100900100,69,2009-07-19,-118.3069,32.21213,2010-07-16,-115.9833,29.0166,,
100900200,73,2009-07-19,-118.2962,32.22491,2012-08-01,-116.8166,29.7,,
100900300,74,2009-07-19,-118.3069,32.21213,2010-06-25,-117,30,,
100900400,73,2009-07-19,-118.2936,32.1975,2010-06-28,-117,30,,
100900500,87,2009-07-23,-117.4476,31.8786,,,,,
100900600,79,2009-07-23,-117.4414,31.88421,,,,,
100900700,93.5,2009-07-23,-117.3777,31.86879,,,,,
100900800,85,2009-07-23,-117.2644,31.83104,2009-07-26,-117.333,31.166,,
100900900,97,2009-07-23,-117.2795,31.69365,,,,,
100901000,93,2009-07-24,-117.1796,31.71889,2013-05-13,142.266,34.3,184,FL
100901100,91.5,2009-07-24,-117.14983,31.71166,,,,,
100901200,84,2009-07-24,-117.027765,31.65702,,,,,
100901300,92,2009-07-25,-117.112546,31.74128,,,,,
100901400,94,2009-07-25,-117.112546,31.74128,,,,,
100901500,92,2009-07-25,-117.112546,31.74128,2010-07-12,141.34,38.19,120,SFL
100901600,92,2009-07-25,-117.112546,31.74128,2010-06-28,-117,29,120,Estimated
100901700,98,2009-07-25,-117.112546,31.74128,,,,,
100901800,87.5,2009-07-25,-117.112546,31.74128,,,,,
100901900,47,2009-10-14,139.05523,34.706,,,,,
100902000,47,2009-10-14,139.05523,34.706,,,,,
100902100,48,2009-10-14,139.05523,34.706,,,,,
100902200,50.5,2009-10-14,139.05523,34.706,,,,,
100902300,49,2009-10-14,139.05523,34.706,,,,,
100902400,44,2009-10-14,139.05523,34.706,,,,,
100902500,47,2009-10-14,139.05523,34.706,,,,,
100902600,48,2009-10-14,139.05523,34.706,,,,,
100902700,48,2009-10-14,139.05523,34.706,,,,,
100902800,46,2009-10-14,139.05523,34.706,,,,,
100902900,48,2009-10-14,139.05523,34.706,,,,,
101000100,85.5,2010-08-16,-117.6715,31.3311,2011-06-06,-116.816,28.483,,
101100100,69.5,2011-08-22,-116.98935,30.17703,2012-08-07,-116.7166,30.1166,,
101100200,66,2011-08-22,-116.98935,30.17703,2012-08-05,-115.231155,28.5769,,
101100300,66,2011-08-22,-116.98935,30.17703,2011-09-25,-116.966,30.966,,
101100400,68,2011-08-22,-116.98935,30.17703,,,,,
101100500,68,2011-08-22,-116.98935,30.17703,,,,,
101100600,70,2011-08-22,-116.98935,30.17703,,,,,
101100700,72,2011-08-22,-116.98935,30.17703,,,,,
101100800,66,2011-08-22,-116.98935,30.17703,,,,,
101100900,67.5,2011-08-22,-116.98935,30.17703,2012-08-07,-116.7166,30.1166,,
101101000,65,2011-08-22,-116.98935,30.17703,,,,,
101101100,75,2011-08-22,-116.98935,30.17703,,,,,
101101200,70,2011-08-22,-116.98935,30.17703,,,,,
101101300,66,2011-08-22,-116.98935,30.17703,,,,,
101101400,68,2011-08-22,-116.98935,30.17703,2012-08-01,-116.817,29.7,98,SFL
101101500,71,2011-08-22,-116.98935,30.17703,2012-07-01,-115.231155,28.5769,57,
101101600,66.5,2011-08-22,-116.98935,30.17703,,,,,
101101700,68,2011-08-22,-116.98935,30.17703,2012-06-09,-116.8,28.88,,
101101800,73,2011-08-22,-116.98935,30.17703,2012-08-01,,,143,
101101900,66.8,2011-08-22,-116.98935,30.17703,2016-06-14,135.056,35.904,185,FL
101102000,70.5,2011-08-22,-116.98935,30.17703,,,,,
101102100,65.8,2011-08-22,-116.98935,30.17703,2012-08-09,-116.85,29.9833,,
101102200,69,2011-08-22,-116.98935,30.17703,,,,,
101102300,70,2011-08-22,-116.98935,30.17703,2014-01-27,-116.837304,31.948182,112,SFL
101102400,66,2011-08-22,-116.98935,30.17703,2012-06-01,,,100,Estimated
101102500,63,2011-08-22,-116.98935,30.17703,,,,,
101102600,68,2011-08-22,-116.98935,30.17703,,,,,
101102700,69,2011-08-22,-116.98935,30.17703,2013-09-01,,,,
101102800,71,2011-08-22,-116.98935,30.17703,2012-08-02,-116.8333,29.5166,,
101102900,71,2011-08-22,-116.98935,30.17703,2012-08-01,,,,
101103000,71.5,2011-08-22,-116.98935,30.17703,,,,,
101103100,70,2011-08-22,-116.98935,30.17703,,,,,
101103200,72,2011-08-22,-116.98935,30.17703,,,,,
101103300,70,2011-08-22,-116.98935,30.17703,2012-07-19,-117.3,31.5166,,
101103400,72,2011-08-22,-116.98935,30.17703,2015-08-25,140.85526,41.50699,173,FL
101103500,70,2011-08-22,-116.98935,30.17703,,,,,
101103600,67.5,2011-08-22,-116.98935,30.17703,,,,,
101103700,69,2011-08-22,-116.98935,30.17703,,,,,
101103800,66,2011-08-22,-116.98935,30.17703,,,,,
101103900,68.5,2011-08-22,-116.98935,30.17703,2012-06-13,,,,
101104000,67.5,2011-08-22,-116.98935,30.17703,,,,,
101104100,71,2011-08-22,-116.98935,30.17703,2011-09-18,-117.3738,31.9548,,
101104200,72.5,2011-08-22,-116.98935,30.17703,2016-01-08,,,210,SFL
101104300,69,2011-08-22,-116.98935,30.17703,,,,,
101104400,69,2011-08-22,-116.98935,30.17703,,,,,
101104500,68,2011-08-22,-116.98935,30.17703,,,,,
101104600,73.5,2011-08-22,-116.98935,30.17703,2012-06-30,,,,
101104700,74.8,2011-08-22,-116.98935,30.17703,2012-07-19,,,,
101104800,70,2011-08-22,-116.9541,30.18688,,,,,
101104900,69,2011-08-22,-116.9541,30.18688,2012-08-08,-116.55,30.1,,
101105000,70,2011-08-22,-116.9541,30.18688,,,,,
101105100,69.8,2011-08-22,-116.9541,30.18688,2011-09-13,-117.4,30.966,,
101105200,69.5,2011-08-22,-116.9541,30.18688,,,,,
101105300,71,2011-08-22,-116.97995,30.17993,2012-06-11,-117.5,28.733,,
101105400,72,2011-08-22,-116.97995,30.17993,,,,,
101105500,72,2011-08-22,-116.97995,30.17993,2012-08-07,-116.7166,30.1166,,
101105600,69,2011-08-22,-116.97995,30.17993,,,,,
101105700,69.5,2011-08-22,-116.97995,30.17993,,,,,
101105800,70,2011-08-22,-116.97995,30.17993,,,,,
101105900,67.5,2011-08-22,-116.91562,30.14693,2012-08-02,,,,
101106000,74,2011-08-22,-116.91562,30.14693,2012-07-01,,,,
101106100,72.5,2011-08-22,-116.91562,30.14693,2016-02-23,,,135,Estimated
101106200,71,2011-08-22,-116.98935,30.17703,2015-07-03,,,,
101106300,70,2011-08-22,-116.98935,30.17703,,,,170,Estimated
101106400,70,2011-08-22,-116.98935,30.17703,2012-07-19,-117.2333,31.4667,,
101106500,69,2011-08-22,-116.98935,30.17703,,,,,
101106600,68.5,2011-08-22,-116.98935,30.17703,2012-06-10,-117.5,27.75,108,Unknown
101106700,67.8,2011-08-22,-116.91562,30.14693,,,,,
101106800,72,2011-08-22,-116.91562,30.14693,,,,,
101106900,66,2011-08-22,-116.91562,30.14693,2012-07-01,,,100,Estimated
101107000,69,2011-08-22,-116.91562,30.14693,2012-08-06,-116.8167,30.2167,,
101107100,70,2011-08-22,-116.91562,30.14693,2012-06-11,-117.5,28.733,,
101107200,70.5,2011-08-22,-116.91562,30.14693,2012-07-12,,,,
101107300,72,2011-08-22,-116.91562,30.14693,2012-08-06,-116.8166,30.1833,,
101107400,68,2011-08-22,-116.91562,30.14693,,,,,
101107500,75,2011-08-22,-116.91562,30.14693,,,,,
101107600,69.5,2011-08-22,-116.91562,30.14693,,,,,
101107700,72,2011-08-22,-116.91562,30.14693,2012-08-02,,,156,SFL
101107800,75.5,2011-08-22,-116.91562,30.14693,,,,,
101107900,74,2011-08-22,-116.91562,30.14693,2013-07-04,-120.32,29.33,,
101108000,74.5,2011-08-22,-116.91562,30.14693,2012-08-02,-116.8333,31.6167,,
101108100,75,2011-08-22,-116.9029,30.1292,2012-07-16,-117.78,31.48545,,
101108200,76,2011-08-22,-116.9029,30.1292,,,,,
101108300,72.5,2011-08-22,-116.9029,30.1292,,,,,
101108400,74.5,2011-08-22,-116.9029,30.1292,2012-06-17,-110.64287,24.3526,102,TL
101108500,72,2011-08-22,-116.9029,30.1292,2012-06-09,-110.64287,24.3526,100,TL
101108600,75,2011-08-22,-116.9029,30.1292,,,,,
101108700,68.5,2011-08-22,-116.9029,30.1292,,,,,
101108800,71.5,2011-08-22,-116.9029,30.1292,,,,,
101108900,70.5,2011-08-22,-116.9029,30.1292,,,,,
101109000,73.5,2011-08-22,-116.9029,30.1292,2012-08-03,-116.9,30.81,,
101109100,68,2011-08-22,-116.91562,30.14693,2012-06-17,-116.6,28.616,84,
101109200,78,2011-08-25,-117.0402,30.2295,,,,,
101109300,69.5,2011-08-25,-117.0402,30.2295,2012-06-11,-117.7,28.75,98,Estimated
101109400,70.5,2011-08-25,-117.0402,30.2295,,,,,
101109500,61,2011-08-25,-117.0402,30.2295,,,,,
101109600,72,2011-08-25,-117.0402,30.2295,,,,,
101109700,72.5,2011-08-25,-117.0402,30.2295,2012-08-02,-116.81667,29.7,,
101109800,73.5,2011-08-25,-117.0402,30.2295,,,,,
101200100,76.5,2012-10-10,-117.53,32.29,,,,,
101200200,80.5,2012-10-10,-117.53,32.29,,,,,
101200300,76.5,2012-10-10,-117.53,32.29,,,,,
101200400,76.5,2012-10-10,-117.53,32.29,,,,,
101200500,78,2012-10-10,-117.53,32.29,,,,,
101200600,77,2012-10-10,-117.53,32.29,,,,,
101200700,86.5,2012-10-10,-117.53,32.29,,,,,
101200800,71.2,2012-10-10,-117.53,32.29,,,,,
101200900,90,2012-10-10,-117.53,32.29,,,,,
101201000,72,2012-10-10,-117.53,32.29,,,,,
101201100,79.5,2012-10-10,-117.53,32.29,2013-06-27,-116.25,28.81667,,
101201200,75.5,2012-10-10,-117.53,32.29,,,,,
101201300,80,2012-10-10,-117.53,32.29,,,,,
101201400,79,2012-10-10,-117.53,32.29,2013-07-23,-116.9834,31.3167,87.5,SFL
101201500,78.4,2012-10-10,-117.53,32.29,2014-06-12,-115.6667,29.15,,
101201600,77.5,2012-10-10,-117.53,32.29,,,,,
101201700,73.5,2012-10-10,-117.53,32.29,,,,,
101201800,75.5,2012-10-10,-117.53,32.29,,,,,
101201900,75.3,2012-10-10,-117.53,32.29,,,,,
101202000,66,2012-10-10,-117.53,32.29,,,,,
101202100,76,2012-10-10,-117.53,32.29,,,,,
101202200,104,2012-10-11,-118.05,31.3,,,,,
101202300,99,2012-10-11,-118.05,31.3,,,,,
101202400,98.5,2012-10-11,-118.05,31.3,,,,,
101202500,97,2012-10-11,-118.05,31.3,,,,,
101202600,103,2012-10-11,-118.05,31.3,,,,,
101202700,102.5,2012-10-11,-118.05,31.3,,,,,
101202800,84,2012-10-11,-118.05,31.3,,,,,
101400100,71,2014-08-20,-118.84392,32.58145,,,,,
101400200,74,2014-08-20,-118.84392,32.58145,,,,,
101400300,72,2014-08-20,-118.84392,32.58145,,,,,
101400400,73,2014-08-20,-118.84392,32.58145,,,,,
101400500,78,2014-08-20,-118.84392,32.58145,,,,,
101400600,71.5,2014-08-20,-118.84392,32.58145,,,,,
101400700,74,2014-08-20,-118.84392,32.58145,,,,,
101400800,75,2014-08-20,-118.84392,32.58145,,,,,
101400900,76,2014-08-20,-118.84392,32.58145,,,,,
101401000,73,2014-08-20,-118.84392,32.58145,,,,,
101401100,75,2014-08-20,-118.84392,32.58145,,,,,
101401200,76,2014-08-20,-118.84392,32.58145,,,,,
101401300,75,2014-08-20,-118.84392,32.58145,,,,,
101401400,75,2014-08-20,-118.84392,32.58145,,,,,
101401500,76,2014-08-20,-118.84392,32.58145,,,,,
101401600,74,2014-08-20,-118.84392,32.58145,,,,,
101401700,73,2014-08-20,-118.84392,32.58145,,,,,
101401800,79,2014-08-20,-118.84392,32.58145,2016-05-31,-117.63465,32.45403,,
101401900,77,2014-08-20,-118.84392,32.58145,,,,,
101402000,75,2014-08-20,-118.84392,32.58145,,,,,
101402100,75.5,2014-08-20,-118.84392,32.58145,,,,,
101402200,73,2014-08-20,-118.84392,32.58145,,,,,
101402300,76,2014-08-20,-118.84392,32.58145,,,,,
101402400,77,2014-08-20,-118.84392,32.58145,,,,,
101402500,72,2014-08-20,-118.84392,32.58145,,,,,
101402600,78,2014-08-20,-118.84392,32.58145,,,,,
101402700,71,2014-08-20,-118.84392,32.58145,,,,,
101402800,73.5,2014-08-20,-118.84392,32.58145,,,,,
101402900,78.5,2014-08-20,-118.84392,32.58145,,,,,
101403000,75,2014-08-20,-118.84392,32.58145,,,,,
101403100,76,2014-08-20,-118.84392,32.58145,,,,,
101403200,74.5,2014-08-20,-118.84392,32.58145,,,,,
101403300,67,2014-08-20,-118.84392,33.58145,,,,,
101403400,78,2014-08-20,-118.84392,33.58145,,,,,
101403500,97,2014-08-20,-118.95865,32.55422,,,,,
101403600,96.5,2014-08-20,-118.95865,32.55422,2015-05-29,-117.17647,32.3942,145,
101403700,98,2014-08-20,-118.95865,32.55422,,,,,
101403800,95.5,2014-08-20,-118.95865,32.55422,,,,,
101403900,100,2014-08-20,-118.95865,32.55422,,,,,
101404000,98,2014-08-20,-118.95865,32.55422,2015-05-31,-117.17647,32.3942,145,
101404100,93,2014-08-20,-118.95865,32.55422,,,,,
101404200,100,2014-08-20,-118.95865,32.55422,,,,,
101404300,83,2014-08-20,-118.95865,32.55422,,,,,
101404400,101,2014-08-20,-118.95865,32.55422,,,,,
101404500,76,2014-08-20,-118.97353,32.47403,,,,,
101404600,76.8,2014-08-20,-118.9647,32.46942,,,,,
101404700,72,2014-08-20,-118.96625,32.46843,,,,,
101404800,75.5,2014-08-20,-118.9647,32.46942,,,,,
101404900,75,2014-08-20,-118.96395,32.469,,,,,
101405000,68,2014-08-21,-119.01162,32.6879,,-118.27692,32.67607,85,SFL
101405100,70.5,2014-08-21,-119.01162,32.6879,,,,,
101405200,91,2014-08-21,-119.15213,32.63837,,,,,
101405300,101,2014-08-21,-119.15157,32.63802,,,,,
101405400,103,2014-08-21,-119.24437,32.38313,,,,,
101405500,102,2014-08-21,-119.08583,32.35,,,,,
101405600,102.5,2014-08-21,-119.07665,32.36042,2015-05-30,,,183,SFL
101405700,100,2014-08-21,-119.08132,32.36163,2015-05-19,,,110,Estimated
101405800,99,2014-08-21,-119.07665,32.36042,,,,,
101405900,96,2014-08-21,-119.07667,32.36072,,,,,
101406000,99,2014-08-21,-119.07677,32.36045,,,,,
101406100,101,2014-08-21,-119.07665,32.36042,2016-05-22,-117.36667,31.91667,,
101406200,98.5,2014-08-21,-119.05127,32.3486,,,,,
101406300,101.5,2014-08-21,-119.07273,32.35865,2015-06-01,,,110,Estimated
101406400,102,2014-08-21,-119.07235,32.35832,,,,,
101406500,98.5,2014-08-21,-119.06908,32.35647,,,,,
101406600,99,2014-08-21,-119.0677,32.35582,,,,,
101406700,102,2014-08-21,-119.06602,32.35503,,,,,
101406800,99,2014-08-21,-119.06642,32.35523,,,,,
101406900,100,2014-08-21,-119.06525,32.35473,,,,,
101407000,98,2014-08-21,-119.06305,32.35397,,,,,
101407100,103,2014-08-21,-119.06282,32.35383,2015-05-30,,,110,Estimated
101407200,96,2014-08-21,-119.0592,32.35247,,,,,
101407300,102,2014-08-21,-119.05317,32.34943,,,,,
101407400,99,2014-08-21,-119.0545,32.35003,,,,,
101407500,101,2014-08-21,-119.05317,32.34943,,,,,
101407600,97,2014-08-21,-119.05158,32.3487,,,,,
101407700,99,2014-08-21,-119.04983,32.34813,,,,,
101407800,98.5,2014-08-21,-119.05007,32.34815,,,,,
101407900,100.5,2014-08-21,-119.04722,32.34733,,,,,
101408000,101,2014-08-21,-119.0466,32.34713,,,,,
101408100,97,2014-08-22,-119.24907,32.35222,,,,,
101408200,98,2014-08-22,-119.249,32.35223,,,,,
101408300,103,2014-08-22,-119.25832,32.3485,2015-05-29,-118.99,31.45,,
101408400,100,2014-08-22,-119.25823,32.34852,2015-05-26,,,132,
101408500,101.8,2014-08-22,-119.31838,32.37748,2015-05-23,,,134,
101408600,99.5,2014-08-22,-119.31827,32.37757,,,,,
101408700,95,2014-08-22,-119.31405,32.38627,,,,,
101600200,115,2016-07-01,-117.75,32.4666666666667,,,,,
101600300,119,2016-07-01,-117.766666666667,32.4833333333333,,,,,
101600400,177,2016-07-04,-118.04083,32.5805,,,,,
101600500,183.5,2016-07-04,-118.104433333333,32.5522333333333,,,,,
101600600,188,2016-07-05,-117.923366666667,32.6149,,,,,
101600700,185,2016-07-05,-117.914,32.5984666666667,,,,,
101600800,185,2016-07-06,-117.735516666667,32.5855166666667,,,,,
101600900,189,2016-07-06,-117.6714,32.54515,,,,,
101601000,157,2016-07-06,-117.632666666667,32.6471,,,,,
101601100,156,2016-07-06,-117.6255,32.5557333333333,,,,,
101601200,157,2016-07-06,-117.589383333333,32.53405,,,,,
101601300,110.5,2016-07-07,-117.3114,32.3274666666667,2017-05-22,,,,
101601400,116.5,2016-07-07,-117.3114,32.3274666666667,,,,,
101601500,120,2016-07-07,-117.3114,32.3274666666667,,,,,
101601600,113.5,2016-07-07,-117.3114,32.3274666666667,,,,,
101601700,116.5,2016-07-07,-117.3114,32.3274666666667,,,,,
101601800,113.5,2016-07-07,-117.3114,32.3274666666667,,,,,
101601900,122,2016-07-07,-117.3114,32.3274666666667,,,,,
101602000,116.5,2016-07-07,-117.3114,32.3274666666667,,,,,
101602100,118,2016-07-07,-117.3114,32.3274666666667,,,,,
101602200,114.5,2016-07-07,-117.3114,32.3274666666667,2016-09-03,-118.4,32.7333,117,SFL
101602300,112,2016-07-07,-117.3114,32.3274666666667,,,,,
101602400,118,2016-07-07,-117.3114,32.3274666666667,2016-08-25,-118.24195,32.7167,,
101602500,115,2016-07-07,-117.3114,32.3274666666667,,,,,
101602600,115,2016-07-07,-117.3114,32.3274666666667,,,,,
101602700,120,2016-07-07,-117.3114,32.3274666666667,,,,,
101602800,119,2016-07-07,-117.3114,32.3274666666667,,,,,
101602900,118,2016-07-07,-117.3114,32.3274666666667,,,,,
101603000,115,2016-07-07,-117.3114,32.3274666666667,,,,,
101603100,118,2016-07-07,-117.3114,32.3274666666667,,,,,
101603200,100,2016-07-07,-117.3114,32.3274666666667,,,,,
101603300,115,2016-07-07,-117.3114,32.3274666666667,,,,,
101603400,120,2016-07-07,-117.3114,32.3274666666667,,,,,
101603500,117.5,2016-07-07,-117.3114,32.3274666666667,2016-09-06,-118.4117,32.745,112,CFL
101603600,117,2016-07-07,-117.3114,32.3274666666667,,,,,
101603700,122.5,2016-07-07,-117.3114,32.3274666666667,,,,,
101603800,118,2016-07-07,-117.3114,32.3274666666667,2016-10-07,-118.52497,32.79927,,
101603900,117,2016-07-07,-117.3114,32.3274666666667,,,,,
101604000,16,2016-07-07,-117.3114,32.3274666666667,,,,,
101604100,114,2016-07-07,-117.3114,32.3274666666667,,,,,
101604200,121,2016-07-07,-117.3114,32.3274666666667,,,,,
101604300,122,2016-07-07,-117.339083333333,32.31395,,,,,
101604400,123,2016-07-07,-117.552616666667,32.6280166666667,,,,,
